<?xml version='1.0' encoding='UTF-8' ?>
<timeLogEntries>
  <time id="1" path="/Project/U5L2/PSP2.1/Planning" start="@1492963619756" delta="47" />
  <time id="2" path="/Project/U5L2/PSP2.1/Code" start="@1492978478319" delta="31" />
  <time id="3" path="/Project/U6L1/PSP2.1/Code" start="@1493562199745" delta="66" />
  <time id="4" path="/Project/U6L1/PSP2.1/Code" start="@1493567561445" delta="10" />
  <time id="5" path="/Project/U6L1/PSP2.1/Planning" start="@1493568139083" delta="42" />
  <time id="6" path="/Project/U6L1/PSP2.1/Test" start="@1493587434529" delta="2" />
  <time id="7" path="/Project/U6L1/PSP2.1/Planning" start="@1493587535022" delta="3" />
  <time id="8" path="/Project/U6L1/PSP2.1/Code" start="@1493587715912" delta="7" />
  <time id="9" path="/Project/U6L2/Generic/Planning" start="@1494085691364" delta="9" />
  <time id="10" path="/Project/U6L2/Generic/Planning" start="@1494088404865" delta="6" />
  <time id="11" path="/Project/U6L2/Generic/Code" start="@1494089617528" delta="12" />
  <time id="12" path="/Project/U6L2/Generic/Code" start="@1494090789361" delta="23" />
  <time id="13" path="/Project/U6L2/Generic/Planning" start="@1494101287110" delta="13" />
  <time id="14" path="/Project/U6L2/Generic/Test" start="@1494102052157" delta="29" />
  <time id="15" path="/Project/U6L2/Generic/Code" start="@1494103818697" delta="3" />
  <time id="16" path="/Project/U6L2/Generic/Code" start="@1494104957984" delta="21" />
  <time id="17" path="/Project/U6L2/Generic/Code" start="@1494107977615" delta="5" />
  <time id="18" path="/Project/U6L2/Generic/Planning" start="@1494108289107" delta="23" />
  <time id="19" path="/Project/U6L2/Generic/Code" start="@1494112757334" delta="4" />
  <time id="20" path="/Project/Proyecto final/Planning" start="@1494685057261" delta="51" />
  <time id="21" path="/Project/Proyecto final/Design" start="@1494688130948" delta="15" />
  <time id="22" path="/Project/Proyecto final/Code" start="@1494696559849" delta="11" />
  <time id="23" path="/Project/Proyecto final/Design" start="@1494707044195" delta="43" />
  <time id="24" path="/Project/Proyecto final/Code" start="@1494710218510" delta="13" />
  <time id="25" path="/Project/Proyecto final/Test" start="@1495397817623" delta="3" />
  <time id="26" path="/Project/Proyecto final/Code" start="@1495556770823" delta="15" />
  <time id="27" path="/Project/Proyecto final/Code" start="@1495571224077" delta="40" />
  <time id="28" path="/Project/Proyecto final/Code" start="@1495575244465" delta="80" />
  <time id="29" path="/Project/Proyecto final/Test" start="@1495580063152" delta="5" />
  <time id="30" path="/Project/Proyecto final/Test" start="@1495582414702" delta="12" />
  <time id="31" path="/Project/Proyecto final/Test" start="@1495585842663" delta="14" />
  <time id="32" path="/Project/Proyecto final/Test" start="@1495653236726" delta="50" />
  <time id="33" path="/Project/Proyecto final/Code" start="@1495656292803" delta="8" />
  <time id="34" path="/Project/Proyecto final/Code" start="@1495658626993" delta="7" />
  <time id="35" path="/Project/Proyecto final/Test" start="@1495659036028" delta="8" />
  <time id="36" path="/Project/Proyecto final/Test" start="@1495660761185" delta="31" />
  <time id="37" path="/Project/Proyecto final/Code" start="@1495662637086" delta="47" />
  <time id="38" path="/U1L3/PSP1/Planning" start="@1503160430686" delta="8" />
  <time id="39" path="/U1L3/PSP1/Design" start="@1503160977682" delta="2" />
  <time id="40" path="/U1L3/PSP1/Code" start="@1503169678194" delta="8" />
  <time id="41" path="/U1L3/PSP1/Code" start="@1503171021768" delta="11" />
  <time id="42" path="/U1L3/PSP1/Design" start="@1503171713554" delta="1" />
  <time id="43" path="/U1L3/PSP1/Code" start="@1503171784040" delta="21" />
  <time id="44" path="/U1L3/PSP1/Test" start="@1503173045378" delta="6" />
  <time id="45" path="/U1L3/PSP1/Test" start="@1503174348484" delta="54" />
  <time id="46" path="/U1L3/PSP1/Design" start="@1503178118608" delta="10" interrupt="1" />
  <time id="47" path="/U1L3/PSP1/Code" start="@1503179185654" delta="13" />
  <time id="48" path="/project/ProyectoFinal/PSP1/Design" start="@1511020369716" delta="43" />
  <time id="49" path="/project/ProyectoFinal/PSP1/Code" start="@1511125215710" delta="74" />
  <time id="50" path="/project/ProyectoFinal/PSP1/Code" start="@1511208822139" delta="40" />
  <time id="51" path="/project/ProyectoFinal/PSP1/Design" start="@1511211206171" delta="11" />
  <time id="52" path="/project/ProyectoFinal/PSP1/Code" start="@1511277565452" delta="38" />
  <time id="53" path="/project/ProyectoFinal/PSP1/Code" start="@1511297488404" delta="82" />
  <time id="54" path="/project/ProyectoFinal/PSP1/Code" start="@1511373012653" delta="341" />
  <time id="55" path="/project/ProyectoFinal/PSP1/Code" start="@1511398997501" delta="29" />
  <time id="56" path="/project/ProyectoFinal/PSP1/Test" start="@1511400714937" delta="11" />
  <time id="58" path="/lab 3/PSP0/Code" start="@1524338772000" delta="136" />
  <time id="59" path="/lab 3/PSP0/Code" start="@1523822577000" delta="48" />
  <time id="60" path="/lab 3/PSP0/Code" start="@1524010406000" delta="38" />
  <time id="61" path="/lab 3/PSP0/Code" start="@1524748085000" delta="26" />
  <time id="62" path="/lab 3/PSP0/Code" start="@1524770977000" delta="110" />
  <time id="63" path="/lab 3/PSP0/Code" start="@1524778992000" delta="194" />
  <time id="64" path="/Taller 3/Taller 3 tiempos/Design" start="@1534619450518" delta="28" />
  <time id="65" path="/Taller 3/Taller 3 tiempos/Design" start="@1534627498933" delta="5" />
</timeLogEntries>
