<?xml version='1.0' encoding='UTF-8' ?>
<timeLogEntries>
  <time id="66" path="/Taller 3/Taller 3 tiempos/Planning" start="@1534198365000" delta="53" flag="A" />
  <time id="67" path="/Taller 3/Taller 3 tiempos/Planning" start="@1534810964569" flag="A" />
  <time id="68" path="/Taller 3/Taller 3 tiempos/Code" start="@1534713815000" delta="58" flag="A" />
  <time id="69" path="/Taller 3/Taller 3 tiempos/Code" start="@1534732546000" delta="67" flag="A" />
  <time id="70" path="/Taller 3/Taller 3 tiempos/Design" start="@1534638275000" delta="36" flag="A" />
  <time id="65" start="@1534627498000" flag="M" />
  <time id="71" flag="D" />
  <time id="72" flag="D" />
  <time id="73" path="/Taller 3/Taller 3 tiempos/Design" start="@1534815668356" delta="22" flag="A" />
  <time id="74" path="/Taller 3/Taller 3 tiempos/Code" start="@1534778050000" delta="34" flag="A" />
  <time id="75" path="/Taller 3/Taller 3 tiempos/Code" start="@1534796987000" delta="96" flag="A" />
  <time id="76" flag="D" />
</timeLogEntries>
