<?xml version='1.0' encoding='UTF-8' ?>
<timeLogEntries>
  <time id="1" path="/lab2 wilmer gomez/PSP0/Planning" start="@1520604121304" delta="121" />
  <time id="2" path="/lab2 wilmer gomez/PSP0/Design" start="@1520611398189" delta="24" />
  <time id="3" path="/lab2 wilmer gomez/PSP0/Code" start="@1520612831000" delta="88" />
  <time id="4" path="/lab2 wilmer gomez/PSP0/Code" start="@1520626306008" delta="300" interrupt="1560" />
  <time id="5" path="/lab2 wilmer gomez/PSP0/Test" start="@1520775656487" delta="32" />
  <time id="6" path="/lab3 AED/PSP0/Planning" start="@1523636252031" delta="99" interrupt="10690" />
  <time id="7" path="/lab3 AED/PSP0/Design" start="@1524283588869" delta="-1378" interrupt="3488" />
  <time id="8" path="/lab3 AED/PSP0/Code" start="@1524410169000" delta="124" interrupt="3" />
  <time id="9" path="/lab3 AED/PSP0/Code" start="@1524419790000" delta="254" />
  <time id="10" path="/AED_ProyectoFinal/PSP0/Planning" start="@1526054819000" delta="125" interrupt="8546" />
  <time id="11" path="/AED_ProyectoFinal/PSP0/Design" start="@1526661513361" delta="43" />
  <time id="12" path="/AED_ProyectoFinal/PSP0/Code" start="@1526664097548" delta="37" />
  <time id="13" path="/AED_ProyectoFinal/PSP0/Code" start="@1526671188556" delta="256" />
  <time id="14" path="/AED_ProyectoFinal/PSP0/Planning" start="@1526865972000" delta="52" />
  <time id="15" path="/AED_ProyectoFinal/PSP0/Design" start="@1526869078778" delta="41" />
  <time id="16" path="/AED_ProyectoFinal/PSP0/Code" start="@1527459866621" delta="385" />
  <time id="17" path="/AED_ProyectoFinal/PSP0/Code" start="@1527537476806" delta="200" />
  <time id="18" path="/IntegradorTaller2/PSP0/Planning" start="@1534601686161" delta="50" />
  <time id="19" path="/IntegradorTaller2/PSP0/Code" start="@1534635839651" delta="29" />
  <time id="20" path="/IntegradorTaller2/PSP0/Code" start="@1534640906321" delta="41" />
  <time id="21" path="/IntegradorTaller2/PSP0/Code" start="@1534706427084" delta="201" />
  <time id="22" path="/IntegradorTaller2/PSP0/Code" start="@1534818756543" delta="67" />
</timeLogEntries>
