<?xml version='1.0' encoding='UTF-8' ?>
<timeLogEntries>
  <time id="1" path="/Proyecto Final/PSP0/Planning" start="@1493574332385" delta="5" />
  <time id="2" path="/Proyecto Final/PSP0/Design" start="@1493574641678" delta="63" interrupt="4" />
  <time id="3" path="/Proyecto Final/PSP0/Design" start="@1493579626304" delta="59" />
  <time id="4" path="/Proyecto Final/PSP0/Design" start="@1493585693191" delta="113" />
  <time id="5" path="/Proyecto Final/PSP0/Design" start="@1493860233319" delta="60" />
  <time id="6" path="/Proyecto Final/PSP0/Code" start="@1494452084893" delta="280" />
  <time id="7" path="/Proyecto Final/PSP0/Planning" start="@1494687206697" delta="74" />
  <time id="8" path="/Proyecto Final/PSP0/Code" start="@1494695592903" delta="182" />
  <time id="9" path="/Proyecto Final/PSP0/Code" start="@1494706619350" delta="90" />
  <time id="10" path="/Proyecto Final/PSP0/Code" start="@1495291544101" delta="236" />
  <time id="11" path="/Proyecto Final/PSP0/Code" start="@1495310069862" delta="125" />
  <time id="12" path="/Proyecto Final/PSP0/Code" start="@1495656429021" delta="17" />
  <time id="13" path="/Proyecto Final/PSP0/Code" start="@1495901616946" delta="31" />
  <time id="14" path="/Proyecto Final/PSP0/Code" start="@1495905737890" delta="85" />
  <time id="15" path="/Proyecto Final/PSP0/Code" start="@1503200895018" delta="3" />
  <time id="17" path="/U2L2/PSP0/Code" start="@1504229853000" delta="109" />
  <time id="16" path="/U2L2/PSP0/Design" start="@1504182128000" delta="70" />
  <time id="18" path="/U2L2/PSP0/Design" start="@1504229102000" delta="60" />
  <time id="19" path="/U2L2/PSP0/Design" start="@1504276999565" delta="17" />
  <time id="20" path="/U2L2/PSP0/Design" start="@1504278447451" delta="16" />
  <time id="21" path="/U2L2/PSP0/Code" start="@1504279981006" delta="13" interrupt="4" />
  <time id="22" path="/U2L2/PSP0/Design" start="@1504367351001" delta="12" />
  <time id="23" path="/U2L2/PSP0/Code" start="@1504368049771" delta="7" />
  <time id="24" path="/U2L2/PSP0/Code" start="@1504369558868" delta="9" />
  <time id="25" path="/U2L2/PSP0/Design" start="@1504370100703" delta="24" />
  <time id="26" path="/U2L2/PSP0/Code" start="@1504371578022" delta="13" />
  <time id="27" path="/U2L2/PSP0/Design" start="@1504373357299" delta="6" />
  <time id="28" path="/U2L2/PSP0/Design" start="@1504376286632" delta="40" />
  <time id="29" path="/U2L2/PSP0/Code" start="@1504378722770" delta="69" interrupt="15" />
  <time id="30" path="/U2L2/PSP0/Design" start="@1504383835731" delta="10" />
  <time id="31" path="/U2L2/PSP0/Code" start="@1504384446750" delta="118" />
  <time id="32" path="/U2L2/PSP0/Test" start="@1504391524690" delta="18" />
  <time id="33" path="/U2L2/PSP0/Test" start="@1504449299450" delta="35" interrupt="4" />
  <time id="34" path="/U2L2/PSP0/Code" start="@1504452818008" delta="18" />
  <time id="35" path="/U2L2/PSP0/Test" start="@1504456189654" delta="25" />
  <time id="36" path="/U2L2/PSP0/Test" start="@1504465117802" delta="18" />
  <time id="37" path="/U5L1/PSP0/Planning" start="@1508415355000" delta="10" />
  <time id="40" path="/U5L1/PSP0/Design" start="@1508415962000" delta="15" />
  <time id="41" path="/U5L1/PSP0/Code" start="@1508416947000" delta="45" />
  <time id="42" path="/U5L1/PSP0/Code" start="@1508430834000" delta="25" />
  <time id="43" path="/U5L1/PSP0/Code" start="@1508508911000" delta="25" />
  <time id="44" path="/U5L2_Imbachi_Juan/PSP0/Planning" start="@1509020236000" delta="5" />
  <time id="45" path="/U5L2_Imbachi_Juan/PSP0/Design" start="@1509020584000" delta="15" />
  <time id="46" path="/U5L2_Imbachi_Juan/PSP0/Design" start="@1509113916000" delta="25" />
  <time id="47" path="/U5L2_Imbachi_Juan/PSP0/Code" start="@1509021573000" delta="35" />
  <time id="48" path="/U5L2_Imbachi_Juan/PSP0/Code" start="@1509115394000" delta="55" />
  <time id="49" path="/U5L2_Imbachi_Juan/PSP0/Code" start="@1509217898000" delta="190" />
  <time id="50" path="/APO2_ProyectoFinal/PSP0/Planning" start="@1509224409000" delta="130" />
  <time id="52" path="/U6L1_Imbachi_Juan/PSP0/Planning" start="@1509624940000" delta="10" />
  <time id="53" path="/U6L1_Imbachi_Juan/PSP0/Design" start="@1509625520000" delta="15" />
  <time id="54" path="/U6L1_Imbachi_Juan/PSP0/Code" start="@1509626432000" delta="35" />
  <time id="55" path="/U6L1_Imbachi_Juan/PSP0/Code" start="@1509718333000" delta="85" />
  <time id="56" path="/U6L1_Imbachi_Juan/PSP0/Code" start="@1509752155000" delta="125" />
  <time id="57" path="/U6L2_Imbachi_Juan/PSP0/Planning" start="@1510229607000" delta="15" />
  <time id="58" path="/U6L2_Imbachi_Juan/PSP0/Code" start="@1510230633000" delta="80" />
  <time id="59" path="/U6L2_Imbachi_Juan/PSP0/Code" start="@1510323008000" delta="105" />
  <time id="61" path="/U6L2_Imbachi_Juan/PSP0/Code" start="@1510365633000" delta="20" />
  <time id="62" path="/APO2_ProyectoFinal/PSP0/Code" start="@1510415395950" delta="54" />
  <time id="63" path="/APO2_ProyectoFinal/PSP0/Code" start="@1510418976137" delta="40" />
  <time id="64" path="/APO2_ProyectoFinal/PSP0/Code" start="@1510422080285" delta="22" />
  <time id="65" path="/APO2_ProyectoFinal/PSP0/Code" start="@1510425428000" delta="144" />
  <time id="66" path="/APO2_ProyectoFinal/PSP0/Test" start="@1510432330024" delta="23" />
  <time id="67" path="/APO2_ProyectoFinal/PSP0/Test" start="@1510526875793" delta="31" />
  <time id="68" path="/APO2_ProyectoFinal/PSP0/Test" start="@1510529233160" delta="16" interrupt="4" />
  <time id="69" path="/APO2_ProyectoFinal/PSP0/Design" start="@1510149952000" delta="116" />
  <time id="71" path="/APO2_ProyectoFinal/PSP0/Planning" start="@1509829334000" delta="185" />
  <time id="72" path="/APO2_ProyectoFinal/PSP0/Test" start="@1510531396000" delta="217" />
  <time id="73" path="/APO2_ProyectoFinal/PSP0/Design" start="@1510686335819" delta="17" />
  <time id="74" path="/APO2_ProyectoFinal/PSP0/Code" start="@1510687570858" delta="47" />
  <time id="75" path="/APO2_ProyectoFinal/PSP0/Design" start="@1510690420543" delta="25" />
  <time id="76" path="/APO2_ProyectoFinal/PSP0/Code" start="@1510692229250" delta="47" />
  <time id="77" path="/APO2_ProyectoFinal/PSP0/Planning" start="@1510695061426" delta="15" />
  <time id="78" path="/APO2_ProyectoFinal/PSP0/Planning" start="@1510697383066" delta="3" />
  <time id="80" path="/APO2_ProyectoFinal/PSP0/Code" start="@1510697596000" delta="116" />
  <time id="81" path="/APO2_ProyectoFinal/PSP0/Code" start="@1510705728568" delta="16" />
  <time id="82" path="/APO2_ProyectoFinal/PSP0/Code" start="@1510784343423" delta="3" />
  <time id="83" path="/APO2_ProyectoFinal/PSP0/Design" start="@1510784503113" delta="15" />
  <time id="84" path="/APO2_ProyectoFinal/PSP0/Code" start="@1510786654345" delta="16" interrupt="3" />
  <time id="85" path="/APO2_ProyectoFinal/PSP0/Test" start="@1510787856825" delta="25" />
  <time id="86" path="/APO2_ProyectoFinal/PSP0/Code" start="@1510790262537" delta="54" interrupt="7" />
  <time id="87" path="/APO2_ProyectoFinal/PSP0/Design" start="@1510795366748" delta="8" />
  <time id="88" path="/APO2_ProyectoFinal/PSP0/Code" start="@1510796391601" delta="66" />
  <time id="89" path="/APO2_ProyectoFinal/PSP0/Design" start="@1510800356338" delta="15" />
  <time id="90" path="/APO2_ProyectoFinal/PSP0/Code" start="@1510801268621" delta="17" />
  <time id="91" path="/APO2_ProyectoFinal/PSP0/Code" start="@1510836494880" delta="37" />
  <time id="92" path="/APO2_ProyectoFinal/PSP0/Code" start="@1510928839894" delta="85" />
  <time id="93" path="/APO2_ProyectoFinal/PSP0/Code" start="@1510965069724" delta="60" interrupt="2" />
  <time id="94" path="/APO2_ProyectoFinal/PSP0/Code" start="@1510981490742" delta="13" />
  <time id="95" path="/APO2_ProyectoFinal/PSP0/Code" start="@1511015594974" delta="62" />
  <time id="97" path="/APO2_ProyectoFinal/PSP0/Code" start="@1511019318012" delta="9" interrupt="2" />
  <time id="98" path="/APO2_ProyectoFinal/PSP0/Code" start="@1511020468628" delta="51" />
  <time id="99" path="/APO2_ProyectoFinal/PSP0/Code" start="@1511026481340" delta="98" />
  <time id="100" path="/APO2_ProyectoFinal/PSP0/Code" start="@1511034106028" delta="188" />
  <time id="101" path="/APO2_ProyectoFinal/PSP0/Code" start="@1511209987778" delta="87" />
  <time id="102" path="/APO2_ProyectoFinal/PSP0/Code" start="@1511217501224" delta="50" />
  <time id="103" path="/APO2_ProyectoFinal/PSP0/Code" start="@1511221667130" delta="65" />
  <time id="104" path="/APO2_ProyectoFinal/PSP0/Test" start="@1511225569810" delta="193" />
  <time id="105" path="/APO2_ProyectoFinal/PSP0/Code" start="@1511288756000" delta="33" />
  <time id="106" path="/APO2_ProyectoFinal/PSP0/Test" start="@1511292036895" delta="28" />
  <time id="107" path="/APO2_ProyectoFinal/PSP0/Test" start="@1511294401414" delta="22" />
  <time id="108" path="/APO2_ProyectoFinal/PSP0/Test" start="@1511296499510" delta="20" />
  <time id="109" path="/APO2_ProyectoFinal/PSP0/Test" start="@1511298950085" delta="7" />
  <time id="110" path="/APO2_ProyectoFinal/PSP0/Code" start="@1511311234892" delta="31" />
  <time id="111" path="/APO2_ProyectoFinal/PSP0/Test" start="@1511313121445" delta="6" />
  <time id="112" path="/MultiSebastian/PSP0/Planning" start="@1517621657000" delta="138" />
  <time id="113" path="/MultiSebastian/PSP0/Design" start="@1517684937000" delta="96" />
  <time id="115" path="/MultiSebastian/PSP0/Code" start="@1517866821000" delta="101" />
  <time id="116" path="/MultiSebastian/PSP0/Code" start="@1518226873000" delta="315" />
  <time id="117" path="/MultiSebastian/PSP0/Code" start="@1518286921000" delta="138" />
  <time id="118" path="/MultiSebastian/PSP0/Test" start="@1518471844076" delta="68" />
  <time id="119" path="/MultiImbachi/PSP0/Planning" start="@1517615200000" delta="95" />
  <time id="120" path="/MultiImbachi/PSP0/Design" start="@1517772502000" delta="87" />
  <time id="121" path="/MultiImbachi/PSP0/Code" start="@1517968164000" delta="135" />
  <time id="122" path="/MultiImbachi/PSP0/Code" start="@1518904362000" delta="216" />
  <time id="124" path="/MultiSisco/PSP0/Planning" start="@1517608465000" delta="30" />
  <time id="125" path="/MultiSisco/PSP0/Design" start="@1517769285000" delta="88" />
  <time id="126" path="/MultiSisco/PSP0/Code" start="@1518386212000" delta="277" />
  <time id="127" path="/MultiSisco/PSP0/Test" start="@1518465508000" delta="83" />
  <time id="128" path="/AED_L3_Imbachí/PSP0/Planning" start="@1523637297541" delta="84" />
  <time id="129" path="/AED_L3_Imbachí/PSP0/Planning" start="@1524179432000" delta="75" />
  <time id="130" path="/AED_L3_Imbachí/PSP0/Design" start="@1524242411972" delta="62" />
  <time id="131" path="/AED_L3_Imbachí/PSP0/Design" start="@1524419228035" delta="48" />
  <time id="132" path="/AED_L3_Imbachí/PSP0/Design" start="@1524428631212" delta="36" />
  <time id="133" path="/AED_L3_Imbachí/PSP0/Design" start="@1524451626608" delta="27" />
  <time id="134" path="/AED_L3_Imbachí/PSP0/Design" start="@1524501560974" delta="40" />
  <time id="135" path="/AED_L3_Imbachí/PSP0/Design" start="@1524505162410" delta="18" />
  <time id="136" path="/AED_L3_Imbachí/PSP0/Design" start="@1524615624893" delta="21" />
  <time id="137" path="/AED_L3_Imbachí/PSP0/Design" start="@1524701428799" delta="116" interrupt="13" />
  <time id="138" path="/AED_L3_Imbachí/PSP0/Design" start="@1524789110624" delta="86" interrupt="13" />
  <time id="139" path="/AED_PFinal_Imbachí/PSP0/Planning" start="@1526071660000" delta="95" />
  <time id="141" path="/AED_PFinal_Imbachí/PSP0/Design" start="@1526398555000" delta="68" />
  <time id="142" path="/AED_PFinal_Imbachí/PSP0/Design" start="@1526762116000" delta="315" />
  <time id="143" path="/AED_PFinal_Imbachí/PSP0/Design" start="@1527288425000" delta="37" />
  <time id="144" path="/AED_PFinal_Imbachí/PSP0/Code" start="@1527557493000" delta="133" />
  <time id="145" path="/AED_PFinal_Imbachí/PSP0/Code" start="@1527605864000" delta="103" />
  <time id="146" path="/Proyecto/Taller3_Gmaps_DM_JuanImbachiG/Planning" start="@1534197970517" delta="3" interrupt="2" />
  <time id="147" path="/Proyecto/Taller3_Gmaps_DM_JuanImbachiG/Planning" start="@1534198517416" delta="3" />
  <time id="148" path="/Proyecto/Taller3_Gmaps_DM_JuanImbachiG/Planning" start="@1534199254151" delta="3" />
  <time id="149" path="/Proyecto/Taller3_Gmaps_DM_JuanImbachiG/Planning" start="@1534517123479" delta="12" />
  <time id="150" path="/Proyecto/Taller3_Gmaps_DM_JuanImbachiG/Design" start="@1534517834752" delta="36" />
  <time id="151" path="/Proyecto/Taller3_Gmaps_DM_JuanImbachiG/Design" start="@1534520756922" delta="7" />
  <time id="152" path="/Proyecto/Taller3_Gmaps_DM_JuanImbachiG/Design" start="@1534567836431" delta="22" />
  <time id="153" path="/Proyecto/Taller3_Gmaps_DM_JuanImbachiG/Design" start="@1534605147000" delta="111" />
  <time id="154" path="/Proyecto/Taller3_Gmaps_DM_JuanImbachiG/Code" start="@1534612211915" delta="28" />
  <time id="155" path="/Proyecto/Taller3_Gmaps_DM_JuanImbachiG/Design" start="@1534613869420" delta="26" />
  <time id="156" path="/Proyecto/Taller3_Gmaps_DM_JuanImbachiG/Code" start="@1534615430000" delta="50" />
  <time id="157" path="/Proyecto/Taller3_Gmaps_DM_JuanImbachiG/Design" start="@1534625505082" delta="81" />
  <time id="158" path="/Proyecto/Taller3_Gmaps_DM_JuanImbachiG/Design" start="@1534703206133" delta="20" />
  <time id="159" path="/Proyecto/Taller3_Gmaps_DM_JuanImbachiG/Code" start="@1534705244980" delta="69" />
  <time id="160" path="/Proyecto/Taller3_Gmaps_DM_JuanImbachiG/Code" start="@1534719639238" delta="8" />
  <time id="161" path="/Proyecto/Taller3_Gmaps_DM_JuanImbachiG/Code" start="@1534781134000" delta="51" />
  <time id="162" path="/Proyecto/Taller3_Gmaps_DM_JuanImbachiG/Code" start="@1534785690995" delta="16" />
  <time id="163" path="/Proyecto/Taller3_Gmaps_DM_JuanImbachiG/Code" start="@1534798992120" delta="14" />
</timeLogEntries>
