<?xml version='1.0' encoding='UTF-8' ?>
<timeLogEntries>
  <time path="/Proyecto/Taller3_Gmaps_DM_JuanImbachiG&#10;/Proyecto/Taller3_Gmaps_DM_PaolaFuentes" flag="R" />
  <time id="165" flag="D" />
  <time id="155" flag="D" />
  <time id="151" flag="D" />
  <time id="158" flag="D" />
  <time id="157" flag="D" />
  <time id="153" flag="D" />
  <time id="152" flag="D" />
  <time id="150" flag="D" />
  <time id="167" path="/Proyecto/Taller3_Gmaps_DM_PaolaFuentes/Design" start="@1534547551000" delta="87" flag="A" />
  <time id="168" path="/Proyecto/Taller3_Gmaps_DM_PaolaFuentes/Design" start="@1534565613000" delta="55" flag="A" />
  <time id="169" path="/Proyecto/Taller3_Gmaps_DM_PaolaFuentes/Design" start="@1534605232000" delta="45" flag="A" />
  <time id="170" flag="D" />
  <time id="154" start="@1534608611000" delta="60" flag="M" />
  <time id="159" start="@1534705244000" delta="40" flag="M" />
  <time id="156" start="@1534619630000" delta="85" flag="M" />
  <time id="160" start="@1534721739000" delta="15" flag="M" />
  <time id="162" flag="D" />
  <time id="161" delta="-11" flag="M" />
  <time id="163" delta="8" flag="M" />
  <time id="164" start="@1534820939000" delta="13" flag="M" />
  <time id="166" start="@1534832530000" delta="10" flag="M" />
  <time id="148" flag="D" />
  <time id="147" flag="D" />
  <time id="146" delta="5" flag="M" />
  <time id="149" delta="3" flag="M" />
</timeLogEntries>
